,url
0,http://183.129.207.86:11206
1,http://58.244.52.190:8080
2,http://219.131.240.11:9797
3,http://202.112.51.51:8082
4,http://119.176.96.134:9999
5,http://106.12.24.168:8118
6,http://115.196.61.11:8118
7,http://58.208.235.48:53281
8,http://112.95.22.45:8888
9,http://116.30.121.71:9000
10,http://180.160.72.115:8118
11,http://122.234.125.37:8118
12,http://115.204.40.37:8118
13,http://59.38.60.142:9797
14,http://219.131.241.89:9797
15,http://175.102.3.98:8089
16,http://14.115.104.124:808
17,http://27.46.23.229:8888
18,http://123.115.118.57:9000
19,http://125.123.128.104:8081
20,http://183.136.177.77:3128
21,http://116.196.90.176:3128
22,http://111.224.85.8:9000
23,http://113.65.8.137:9797
24,http://163.125.156.34:8888
25,http://117.90.252.194:9000
26,http://119.48.190.218:9999
27,http://117.90.6.223:9000
28,http://117.90.1.168:9000
29,http://114.139.32.167:8118
30,http://14.115.107.14:808
31,http://223.199.174.54:53281
32,http://27.159.218.219:53281
33,http://118.114.209.158:3128
34,http://59.60.170.137:53281
35,http://183.30.204.142:9999
36,http://123.122.154.20:53281
37,http://14.115.106.12:808
38,http://113.251.221.143:8118
39,http://123.13.244.162:9999
40,http://117.90.5.114:9000
41,http://119.122.214.253:9000
42,http://114.249.118.221:9000
43,http://119.123.179.129:9000
44,http://117.90.7.127:9000
45,http://59.38.61.237:9797
46,http://163.125.18.92:8686
47,http://221.216.141.89:9000
48,http://112.117.48.14:9999
49,http://162.105.95.34:1080
50,http://123.13.247.106:9999
51,http://219.131.240.92:9797
